<?xml version="1.0" encoding="UTF-8"?><!-- This file was auto-generated from WSDL --><!-- by the Apache Axis2 version: 1.6.1  Built on : Aug 31, 2011 (12:22:40 CEST) --><serviceGroup>
    <service name="GlandPharmaOWSService">
        <messageReceivers>
            <messageReceiver mep="http://www.w3.org/ns/wsdl/in-out" class="net.impact.tw.ows.GlandPharmaOWSServiceMessageReceiverInOut"/>
        </messageReceivers>
        <parameter name="ServiceClass">net.impact.tw.ows.GlandPharmaOWSServiceSkeleton</parameter>
        <parameter name="useOriginalwsdl">true</parameter>
        <parameter name="modifyUserWSDLPortAddress">true</parameter>
        <operation name="createCFTChild" mep="http://www.w3.org/ns/wsdl/in-out" namespace="http://ows.trackwise.impact.net">
            <actionMapping>http://ows.trackwise.impact.net/createCFTChild</actionMapping>
            <outputActionMapping>http://ows.trackwise.impact.net/GlandPharmaExternalServicePortType/createCFTChildResponse</outputActionMapping>
        </operation>
        <operation name="createRAAssessChild" mep="http://www.w3.org/ns/wsdl/in-out" namespace="http://ows.trackwise.impact.net">
            <actionMapping>http://ows.trackwise.impact.net/createRAAssessChild</actionMapping>
            <outputActionMapping>http://ows.trackwise.impact.net/GlandPharmaExternalServicePortType/createRAAssessChildResponse</outputActionMapping>
        </operation>
        <operation name="createCAPAFromMC" mep="http://www.w3.org/ns/wsdl/in-out" namespace="http://ows.trackwise.impact.net">
            <actionMapping>http://ows.trackwise.impact.net/createCAPAChild</actionMapping>
            <outputActionMapping>http://ows.trackwise.impact.net/GlandPharmaExternalServicePortType/createCAPAFromMCResponse</outputActionMapping>
        </operation>
        <operation name="createCAPAFromRCI" mep="http://www.w3.org/ns/wsdl/in-out" namespace="http://ows.trackwise.impact.net">
            <actionMapping>http://ows.trackwise.impact.net/createCAPAFromRCI</actionMapping>
            <outputActionMapping>http://ows.trackwise.impact.net/GlandPharmaExternalServicePortType/createCAPAFromRCIResponse</outputActionMapping>
        </operation>
        <operation name="createCompInvAPIChild" mep="http://www.w3.org/ns/wsdl/in-out" namespace="http://ows.trackwise.impact.net">
            <actionMapping>http://ows.trackwise.impact.net/createCompInvAPIChild</actionMapping>
            <outputActionMapping>http://ows.trackwise.impact.net/GlandPharmaExternalServicePortType/createCompInvAPIChildResponse</outputActionMapping>
        </operation>
        <operation name="copyChildGridToParent" mep="http://www.w3.org/ns/wsdl/in-out" namespace="http://ows.trackwise.impact.net">
            <actionMapping>http://ows.trackwise.impact.net/copyChildGridToParent</actionMapping>
            <outputActionMapping>http://ows.trackwise.impact.net/GlandPharmaExternalServicePortType/copyChildGridToParentResponse</outputActionMapping>
        </operation>
        <operation name="setOriginatingDept" mep="http://www.w3.org/ns/wsdl/in-out" namespace="http://ows.trackwise.impact.net">
            <actionMapping>http://ows.trackwise.impact.net/setOriginatingDept</actionMapping>
            <outputActionMapping>http://ows.trackwise.impact.net/GlandPharmaExternalServicePortType/setOriginatingDeptResponse</outputActionMapping>
        </operation>
        <operation name="createAdditionalAIChild" mep="http://www.w3.org/ns/wsdl/in-out" namespace="http://ows.trackwise.impact.net">
            <actionMapping>http://ows.trackwise.impact.net/createAdditionalAIChild</actionMapping>
            <outputActionMapping>http://ows.trackwise.impact.net/GlandPharmaExternalServicePortType/createAdditionalAIChildResponse</outputActionMapping>
        </operation>
        <operation name="createCompInvFormulationChild" mep="http://www.w3.org/ns/wsdl/in-out" namespace="http://ows.trackwise.impact.net">
            <actionMapping>http://ows.trackwise.impact.net/searcDepartment</actionMapping>
            <outputActionMapping>http://ows.trackwise.impact.net/GlandPharmaExternalServicePortType/createCompInvFormulationChildResponse</outputActionMapping>
        </operation>
        <operation name="setMetaDataForMCFormulation" mep="http://www.w3.org/ns/wsdl/in-out" namespace="http://ows.trackwise.impact.net">
            <actionMapping>http://ows.trackwise.impact.net/setMetaDataForMCFormulation</actionMapping>
            <outputActionMapping>http://ows.trackwise.impact.net/GlandPharmaExternalServicePortType/setMetaDataForMCFormulationResponse</outputActionMapping>
        </operation>
        <operation name="createAIChild" mep="http://www.w3.org/ns/wsdl/in-out" namespace="http://ows.trackwise.impact.net">
            <actionMapping>http://ows.trackwise.impact.net/createAIChild</actionMapping>
            <outputActionMapping>http://ows.trackwise.impact.net/GlandPharmaExternalServicePortType/createAIChildResponse</outputActionMapping>
        </operation>
        <operation name="createInvActionChild" mep="http://www.w3.org/ns/wsdl/in-out" namespace="http://ows.trackwise.impact.net">
            <actionMapping>http://ows.trackwise.impact.net/createInvActionChild</actionMapping>
            <outputActionMapping>http://ows.trackwise.impact.net/GlandPharmaExternalServicePortType/createInvActionChildResponse</outputActionMapping>
        </operation>
    </service>
</serviceGroup>
